"BuildHiGGS","BuildHiGGS","PoissonBracket","PoissonBracket"
3.85815705989975e9,1.000498,0.,0.
0.,0.,3.858157060904345e9,2.000271
